orderID,productID,unitPrice,quantity,discount,revenue,customerID,shipperID
10248,11,14,12,0,168,VINET,1
10248,42,9.8,10,0,98,TOMSP,2
10248,72,34.8,5,0,174,HANAR,3
10249,14,18.6,9,0,167.4,VICTE,
10249,51,42.4,40,0,1696,SUPRD,
10250,41,7.7,10,0,77,HANAR,
10250,51,42.4,35,0.15,1484,CHOPS,
10250,65,16.8,15,0.15,252,RICSU,
10251,22,16.8,6,0.05,100.8,WELLI,
10251,57,15.6,15,0.05,234,HILAA,
10251,65,16.8,20,0,336,ERNSH,
10252,20,64.8,40,0.05,2592,CENTC,
10252,33,2,25,0.05,50,OTTIK,
10252,60,27.2,40,0,1088,QUEDE,
10253,31,10,20,0,200,RATTC,
10253,39,14.4,42,0,604.8,ERNSH,
10253,49,16,40,0,640,FOLKO,
10254,24,3.6,15,0.15,54,BLONP,
10254,55,19.2,21,0.15,403.2,WARTH,
10254,74,8,21,0,168,FRANK,
10255,2,15.2,20,0,304,GROSR,
10255,16,13.9,35,0,486.5,WHITC,
10255,36,15.2,25,0,380,WARTH,
10255,59,44,30,0,1320,SPLIR,
10256,53,26.2,15,0,393,RATTC,
10256,77,10.4,12,0,124.8,QUICK,
10257,27,35.1,25,0,877.5,VINET,
10257,39,14.4,6,0,86.4,MAGAA,
10257,77,10.4,15,0,156,TORTU,
10258,2,15.2,50,0.2,760,MORGK,
10258,5,17,65,0.2,1105,BERGS,
10258,32,25.6,6,0.2,153.6,LEHMS,
10259,21,8,10,0,80,BERGS,
10259,37,20.8,1,0,20.8,ROMEY,
10260,41,7.7,16,0.25,123.2,ROMEY,
10260,57,15.6,50,0,780,LILAS,
10260,62,39.4,15,0.25,591,LEHMS,
10260,70,12,21,0.25,252,QUICK,
10261,21,8,20,0,160,QUICK,
10261,35,14.4,20,0,288,RICAR,
10262,5,17,12,0.2,204,REGGC,
10262,7,24,15,0,360,BSBEV,
10262,56,30.4,2,0,60.8,COMMI,
10263,16,13.9,60,0.25,834,QUEDE,
10263,24,3.6,28,0,100.8,TRADH,
10263,30,20.7,60,0.25,1242,TORTU,
10263,74,8,36,0.25,288,RATTC,
10264,2,15.2,35,0,532,VINET,
10264,41,7.7,25,0.15,192.5,LILAS,
10265,17,31.2,30,0,936,BLONP,
10265,70,12,20,0,240,HUNGO,
10266,12,30.4,12,0.05,364.8,RICAR,
10267,40,14.7,50,0,735,MAGAA,
10267,59,44,70,0.15,3080,WANDK,
10267,76,14.4,15,0.15,216,SUPRD,
10268,29,99,10,0,990,GODOS,
10268,72,27.8,4,0,111.2,TORTU,
10269,33,2,60,0.05,120,OLDWO,
10269,72,27.8,20,0.05,556,ROMEY,
10270,36,15.2,30,0,456,LONEP,
10270,43,36.8,25,0,920,ANATR,
10271,33,2,24,0,48,HUNGO,
10272,20,64.8,6,0,388.8,THEBI,
10272,31,10,40,0,400,DUMON,
10272,72,27.8,24,0,667.2,WANDK,
10273,10,24.8,24,0.05,595.2,QUICK,
10273,31,10,15,0.05,150,RATTC,
10273,33,2,20,0,40,ISLAT,
10273,40,14.7,60,0.05,882,RATTC,
10273,76,14.4,33,0.05,475.2,LONEP,
10274,71,17.2,20,0,344,ISLAT,
10274,72,27.8,7,0,194.6,TORTU,
10275,24,3.6,12,0.05,43.2,WARTH,
10275,59,44,6,0.05,264,ISLAT,
10276,10,24.8,15,0,372,PERIC,
10276,13,4.8,10,0,48,KOENE,
10277,28,36.4,20,0,728,SAVEA,
10277,62,39.4,12,0,472.8,KOENE,
10278,44,15.5,16,0,248,BOLID,
10278,59,44,15,0,660,FOLKO,
10278,63,35.1,8,0,280.8,FURIB,
10278,73,12,25,0,300,SPLIR,
10279,17,31.2,15,0.25,468,LILAS,
10280,24,3.6,12,0,43.2,BONAP,
10280,55,19.2,20,0,384,MEREP,
10280,75,6.2,30,0,186,WARTH,
10281,19,7.3,1,0,7.3,VICTE,
10281,24,3.6,6,0,21.6,HUNGO,
10281,35,14.4,4,0,57.6,PRINI,
10282,30,20.7,6,0,124.2,FRANK,
10282,57,15.6,2,0,31.2,OLDWO,
10283,15,12.4,20,0,248,MEREP,
10283,19,7.3,18,0,131.4,BONAP,
10283,60,27.2,35,0,952,SIMOB,
10283,72,27.8,3,0,83.4,FRANK,
10284,27,35.1,15,0.25,526.5,LEHMS,
10284,44,15.5,21,0,325.5,WHITC,
10284,60,27.2,20,0.25,544,QUICK,
10284,67,11.2,5,0.25,56,RATTC,
10285,1,14.4,45,0.2,648,FAMIA,
10285,40,14.7,40,0.2,588,WANDK,
10285,53,26.2,36,0.2,943.2,SPLIR,
10286,35,14.4,100,0,1440,LAMAI,
10286,62,39.4,40,0,1576,ERNSH,
10287,16,13.9,40,0.15,556,FURIB,
10287,34,11.2,20,0,224,PICCO,
10287,46,9.6,15,0.15,144,PERIC,
10288,54,5.9,10,0.1,59,AROUT,
10288,68,10,3,0.1,30,WANDK,
10289,3,8,30,0,240,LILAS,
10289,64,26.6,9,0,239.4,LAMAI,
10290,5,17,20,0,340,SEVES,
10290,29,99,15,0,1485,BLONP,
10290,49,16,15,0,240,QUICK,
10290,77,10.4,10,0,104,BONAP,
10291,13,4.8,20,0.1,96,DRACD,
10291,44,15.5,24,0.1,372,EASTC,
10291,51,42.4,2,0.1,84.8,ANTON,
10292,20,64.8,20,0,1296,GALED,
10293,18,50,12,0,600,VAFFE,
10293,24,3.6,10,0,36,ERNSH,
10293,63,35.1,5,0,175.5,SPLIR,
10293,75,6.2,6,0,37.2,CHOPS,
10294,1,14.4,18,0,259.2,LAMAI,
10294,17,31.2,15,0,468,QUEEN,
10294,43,36.8,15,0,552,HUNGO,
10294,60,27.2,21,0,571.2,WOLZA,
10294,75,6.2,6,0,37.2,HUNGC,
10295,56,30.4,4,0,121.6,MEREP,
10296,11,16.8,12,0,201.6,SEVES,
10296,16,13.9,30,0,417,FOLKO,
10296,69,28.8,15,0,432,QUEDE,
10297,39,14.4,60,0,864,HUNGO,
10297,72,27.8,20,0,556,LILAS,
10298,2,15.2,40,0,608,ERNSH,
10298,36,15.2,40,0.25,608,AROUT,
10298,59,44,30,0.25,1320,BERGS,
10298,62,39.4,15,0,591,SPLIR,
10299,19,7.3,15,0,109.5,FAMIA,
10299,70,12,20,0,240,SANTG,
10300,66,13.6,30,0,408,SEVES,
10300,68,10,20,0,200,BOTTM,
10301,40,14.7,10,0,147,ERNSH,
10301,56,30.4,20,0,608,DRACD,
10302,17,31.2,40,0,1248,PICCO,
10302,28,36.4,28,0,1019.2,SAVEA,
10302,43,36.8,12,0,441.6,HUNGC,
10303,40,14.7,40,0.1,588,HILAA,
10303,65,16.8,30,0.1,504,FRANK,
10303,68,10,15,0.1,150,PRINI,
10304,49,16,30,0,480,SAVEA,
10304,59,44,10,0,440,VAFFE,
10304,71,17.2,2,0,34.4,EASTC,
10305,18,50,25,0.1,1250,RATTC,
10305,29,99,25,0.1,2475,ERNSH,
10305,39,14.4,30,0.1,432,ERNSH,
10306,30,20.7,10,0,207,MAGAA,
10306,53,26.2,10,0,262,LINOD,
10306,54,5.9,5,0,29.5,QUEEN,
10307,62,39.4,10,0,394,OTTIK,
10307,68,10,3,0,30,FOLIG,
10308,69,28.8,1,0,28.8,OCEAN,
10308,70,12,5,0,60,BOTTM,
10309,4,17.6,20,0,352,BOTTM,
10309,6,20,30,0,600,WARTH,
10309,42,11.2,2,0,22.4,LAMAI,
10309,43,36.8,20,0,736,FAMIA,
10309,71,17.2,3,0,51.6,HUNGC,
10310,16,13.9,10,0,139,WARTH,
10310,62,39.4,5,0,197,SIMOB,
10311,42,11.2,6,0,67.2,QUICK,
10311,69,28.8,7,0,201.6,RICSU,
10312,28,36.4,4,0,145.6,WELLI,
10312,43,36.8,24,0,883.2,QUEDE,
10312,53,26.2,20,0,524,FRANS,
10312,75,6.2,10,0,62,GOURL,
10313,36,15.2,12,0,182.4,MEREP,
10314,32,25.6,40,0.1,1024,LAMAI,
10314,58,10.6,30,0.1,318,GALED,
10314,62,39.4,25,0.1,985,PICCO,
10315,34,11.2,14,0,156.8,REGGC,
10315,70,12,30,0,360,HUNGO,
10316,41,7.7,10,0,77,ERNSH,
10316,62,39.4,70,0,2758,BOTTM,
10317,1,14.4,20,0,288,SPLIR,
10318,41,7.7,20,0,154,PRINI,
10318,76,14.4,6,0,86.4,FOLKO,
10319,17,31.2,8,0,249.6,CONSH,
10319,28,36.4,14,0,509.6,BLONP,
10319,76,14.4,30,0,432,WARTH,
10320,71,17.2,30,0,516,TOMSP,
10321,35,14.4,10,0,144,MEREP,
10322,52,5.6,20,0,112,SAVEA,
10323,15,12.4,5,0,62,OLDWO,
10323,25,11.2,4,0,44.8,ERNSH,
10323,39,14.4,4,0,57.6,REGGC,
10324,16,13.9,21,0.15,291.9,BERGS,
10324,35,14.4,70,0.15,1008,BERGS,
10324,46,9.6,30,0,288,TOMSP,
10324,59,44,40,0.15,1760,RICAR,
10324,63,35.1,80,0.15,2808,RANCH,
10325,6,20,6,0,120,BLONP,
10325,13,4.8,12,0,57.6,VICTE,
10325,14,18.6,9,0,167.4,QUICK,
10325,31,10,4,0,40,SAVEA,
10325,72,27.8,40,0,1112,AROUT,
10326,4,17.6,24,0,422.4,LAMAI,
10326,57,15.6,16,0,249.6,WARTH,
10326,75,6.2,50,0,310,KOENE,
10327,2,15.2,25,0.2,380,KOENE,
10327,11,16.8,50,0.2,840,SUPRD,
10327,30,20.7,35,0.2,724.5,VICTE,
10327,58,10.6,30,0.2,318,FOLKO,
10328,59,44,9,0,396,LILAS,
10328,65,16.8,40,0,672,CONSH,
10328,68,10,10,0,100,SUPRD,
10329,19,7.3,10,0.05,73,FURIB,
10329,30,20.7,8,0.05,165.6,VAFFE,
10329,38,210.8,20,0.05,4216,COMMI,
10329,56,30.4,12,0.05,364.8,MAGAA,
10330,26,24.9,50,0.15,1245,KOENE,
10330,72,27.8,25,0.15,695,WHITC,
10331,54,5.9,15,0,88.5,BONAP,
10332,18,50,40,0.2,2000,BSBEV,
10332,42,11.2,10,0.2,112,SEVES,
10332,47,7.6,16,0.2,121.6,ISLAT,
10333,14,18.6,10,0,186,PERIC,
10333,21,8,10,0.1,80,SUPRD,
10333,71,17.2,40,0.1,688,HILAA,
10334,52,5.6,8,0,44.8,PRINI,
10334,68,10,10,0,100,VICTE,
10335,2,15.2,7,0.2,106.4,RATTC,
10335,31,10,25,0.2,250,FOLIG,
10335,32,25.6,6,0.2,153.6,RICAR,
10335,51,42.4,48,0.2,2035.2,LAZYK,
10336,4,17.6,18,0.1,316.8,WHITC,
10337,23,7.2,40,0,288,BSBEV,
10337,26,24.9,24,0,597.6,LINOD,
10337,36,15.2,20,0,304,HILAA,
10337,37,20.8,28,0,582.4,QUEEN,
10337,72,27.8,25,0,695,FRANK,
10338,17,31.2,20,0,624,PICCO,
10338,30,20.7,15,0,310.5,HILAA,
10339,4,17.6,10,0,176,FURIB,
10339,17,31.2,70,0.05,2184,BOTTM,
10339,62,39.4,28,0,1103.2,LAMAI,
10340,18,50,20,0.05,1000,COMMI,
10340,41,7.7,12,0.05,92.4,LAUGB,
10340,43,36.8,40,0.05,1472,TRADH,
10341,33,2,8,0,16,LEHMS,
10341,59,44,9,0.15,396,HILAA,
10342,2,15.2,24,0.2,364.8,LILAS,
10342,31,10,56,0.2,560,LAMAI,
10342,36,15.2,40,0.2,608,BLAUS,
10342,55,19.2,40,0.2,768,PERIC,
10343,64,26.6,50,0,1330,HUNGO,
10343,68,10,4,0.05,40,WHITC,
10343,76,14.4,15,0,216,MEREP,
10344,4,17.6,35,0,616,KOENE,
10344,8,32,70,0.25,2240,ANTON,
10345,8,32,70,0,2240,OTTIK,
10345,19,7.3,80,0,584,BLAUS,
10345,42,11.2,9,0,100.8,SAVEA,
10346,17,31.2,36,0.1,1123.2,BONAP,
10346,56,30.4,20,0,608,FAMIA,
10347,25,11.2,10,0,112,WANDK,
10347,39,14.4,50,0.15,720,ERNSH,
10347,40,14.7,4,0,58.8,QUICK,
10347,75,6.2,6,0.15,37.2,HUNGO,
10348,1,14.4,15,0.15,216,NORTS,
10348,23,7.2,25,0,180,TORTU,
10349,54,5.9,24,0,141.6,CHOPS,
10350,50,13,15,0.1,195,SANTG,
10350,69,28.8,18,0.1,518.4,CACTU,
10351,38,210.8,20,0.05,4216,LEHMS,
10351,41,7.7,13,0,100.1,SEVES,
10351,44,15.5,77,0.05,1193.5,BERGS,
10351,65,16.8,10,0.05,168,BONAP,
10352,24,3.6,10,0,36,WARTH,
10352,54,5.9,20,0.15,118,QUICK,
10353,11,16.8,12,0.2,201.6,GREAL,
10353,38,210.8,50,0.2,10540,MAISD,
10354,1,14.4,12,0,172.8,PICCO,
10354,29,99,4,0,396,OCEAN,
10355,24,3.6,25,0,90,EASTC,
10355,57,15.6,25,0,390,FOLKO,
10356,31,10,30,0,300,LEHMS,
10356,55,19.2,12,0,230.4,ANTON,
10356,69,28.8,20,0,576,LEHMS,
10357,10,24.8,30,0.2,744,RICSU,
10357,26,24.9,16,0,398.4,BSBEV,
10357,60,27.2,8,0.2,217.6,BSBEV,
10358,24,3.6,10,0.05,36,QUICK,
10358,34,11.2,10,0.05,112,HANAR,
10358,36,15.2,20,0.05,304,KOENE,
10359,16,13.9,56,0.05,778.4,LILAS,
10359,31,10,70,0.05,700,LONEP,
10359,60,27.2,80,0.05,2176,LAZYK,
10360,28,36.4,30,0,1092,VICTE,
10360,29,99,35,0,3465,SEVES,
10360,38,210.8,10,0,2108,TOMSP,
10360,49,16,35,0,560,QUICK,
10360,54,5.9,28,0,165.2,GODOS,
10361,39,14.4,54,0.1,777.6,FURIB,
10361,60,27.2,55,0.1,1496,HILAA,
10362,25,11.2,50,0,560,WARTH,
10362,51,42.4,20,0,848,OTTIK,
10362,54,5.9,24,0,141.6,SAVEA,
10363,31,10,20,0,200,SIMOB,
10363,75,6.2,12,0,74.4,LEHMS,
10363,76,14.4,12,0,172.8,AROUT,
10364,69,28.8,30,0,864,BLONP,
10364,71,17.2,5,0,86,FRANK,
10365,11,16.8,24,0,403.2,FOLKO,
10366,65,16.8,5,0,84,REGGC,
10366,77,10.4,5,0,52,RICAR,
10367,34,11.2,36,0,403.2,RATTC,
10367,54,5.9,18,0,106.2,MEREP,
10367,65,16.8,15,0,252,BLONP,
10367,77,10.4,7,0,72.8,HUNGO,
10368,21,8,5,0.1,40,GALED,
10368,28,36.4,13,0.1,473.2,RATTC,
10368,57,15.6,25,0,390,MEREP,
10368,64,26.6,35,0.1,931,ERNSH,
10369,29,99,20,0,1980,BERGS,
10369,56,30.4,18,0.25,547.2,ANTON,
10370,1,14.4,15,0.15,216,TRAIH,
10370,64,26.6,30,0,798,MORGK,
10370,74,8,20,0.15,160,TORTU,
10371,36,15.2,6,0.2,91.2,TRAIH,
10372,20,64.8,12,0.25,777.6,BSBEV,
10372,38,210.8,40,0.25,8432,LETSS,
10372,60,27.2,70,0.25,1904,OTTIK,
10372,72,27.8,42,0.25,1167.6,FAMIA,
10373,58,10.6,80,0.2,848,BLAUS,
10373,71,17.2,50,0.2,860,WARTH,
10374,31,10,30,0,300,BLONP,
10374,58,10.6,15,0,159,WELLI,
10375,14,18.6,15,0,279,REGGC,
10375,54,5.9,10,0,59,QUEDE,
10376,31,10,42,0.05,420,QUICK,
10377,28,36.4,20,0.15,728,GREAL,
10377,39,14.4,20,0.15,288,MEREP,
10378,71,17.2,6,0,103.2,VAFFE,
10379,41,7.7,8,0.1,61.6,LEHMS,
10379,63,35.1,16,0.1,561.6,LEHMS,
10379,65,16.8,20,0.1,336,OLDWO,
10380,30,20.7,18,0.1,372.6,ERNSH,
10380,53,26.2,20,0.1,524,WHITC,
10380,60,27.2,6,0.1,163.2,PICCO,
10380,70,12,30,0,360,RATTC,
10381,74,8,14,0,112,BSBEV,
10382,5,17,32,0,544,HUNGC,
10382,18,50,9,0,450,HILAA,
10382,29,99,14,0,1386,VAFFE,
10382,33,2,60,0,120,SAVEA,
10382,74,8,50,0,400,FURIB,
10383,13,4.8,20,0,96,MEREP,
10383,50,13,15,0,195,TRADH,
10383,56,30.4,20,0,608,SAVEA,
10384,20,64.8,28,0,1814.4,TOMSP,
10384,60,27.2,15,0,408,DUMON,
10385,7,24,10,0.2,240,LAMAI,
10385,60,27.2,20,0.2,544,WOLZA,
10385,68,10,8,0.2,80,SAVEA,
10386,24,3.6,15,0,54,HILAA,
10386,34,11.2,10,0,112,BLAUS,
10387,24,3.6,15,0,54,WILMK,
10387,28,36.4,6,0,218.4,GREAL,
10387,59,44,12,0,528,GREAL,
10387,71,17.2,15,0,258,MEREP,
10388,45,7.6,15,0.2,114,MEREP,
10388,52,5.6,20,0.2,112,LAUGB,
10388,53,26.2,40,0,1048,ISLAT,
10389,10,24.8,16,0,396.8,RICAR,
10389,55,19.2,15,0,288,FRANK,
10389,62,39.4,20,0,788,THECR,
10389,70,12,30,0,360,ANATR,
10390,31,10,60,0.1,600,BERGS,
10390,35,14.4,40,0.1,576,SAVEA,
10390,46,9.6,45,0,432,BLONP,
10390,72,27.8,24,0.1,667.2,GODOS,
10391,13,4.8,18,0,86.4,KOENE,
10392,69,28.8,50,0,1440,LAMAI,
10393,2,15.2,25,0.25,380,WANDK,
10393,14,18.6,42,0.25,781.2,ERNSH,
10393,25,11.2,7,0.25,78.4,FOLIG,
10393,26,24.9,70,0.25,1743,MAGAA,
10393,31,10,32,0,320,WARTH,
10394,13,4.8,10,0,48,QUEEN,
10394,62,39.4,10,0,394,LINOD,
10395,46,9.6,28,0.1,268.8,SANTG,
10395,53,26.2,70,0.1,1834,WANDK,
10395,69,28.8,8,0,230.4,HILAA,
10396,23,7.2,40,0,288,SIMOB,
10396,71,17.2,60,0,1032,ALFKI,
10396,72,27.8,21,0,583.8,WELLI,
10397,21,8,10,0.15,80,HANAR,
10397,51,42.4,18,0.15,763.2,HUNGO,
10398,35,14.4,30,0,432,QUEDE,
10398,55,19.2,120,0.1,2304,RICAR,
10399,68,10,60,0,600,MAISD,
10399,71,17.2,30,0,516,FAMIA,
10399,76,14.4,35,0,504,WANDK,
10399,77,10.4,14,0,145.6,GOURL,
10400,29,99,21,0,2079,FRANK,
10400,35,14.4,35,0,504,BERGS,
10400,49,16,30,0,480,REGGC,
10401,30,20.7,18,0,372.6,GREAL,
10401,56,30.4,70,0,2128,SAVEA,
10401,65,16.8,20,0,336,QUICK,
10401,71,17.2,60,0,1032,QUEEN,
10402,23,7.2,60,0,432,HUNGC,
10402,63,35.1,65,0,2281.5,HUNGO,
10403,16,13.9,21,0.15,291.9,LONEP,
10403,48,10.2,70,0.15,714,BONAP,
10404,26,24.9,30,0.05,747,FURIB,
10404,42,11.2,40,0.05,448,LONEP,
10404,49,16,30,0.05,480,RICSU,
10405,3,8,50,0,400,ERNSH,
10406,1,14.4,10,0,144,WANDK,
10406,21,8,30,0.1,240,SIMOB,
10406,28,36.4,42,0.1,1528.8,FRANK,
10406,36,15.2,5,0.1,76,FRANR,
10406,40,14.7,2,0.1,29.4,BERGS,
10407,11,16.8,30,0,504,WILMK,
10407,69,28.8,15,0,432,ISLAT,
10407,71,17.2,15,0,258,FRANK,
10408,37,20.8,10,0,208,TORTU,
10408,54,5.9,6,0,35.4,ANTON,
10408,62,39.4,35,0,1379,SAVEA,
10409,14,18.6,12,0,223.2,BLONP,
10409,21,8,12,0,96,OLDWO,
10410,33,2,49,0,98,GREAL,
10410,59,44,16,0,704,ANTON,
10411,41,7.7,25,0.2,192.5,DUMON,
10411,44,15.5,40,0.2,620,OTTIK,
10411,59,44,9,0.2,396,GOURL,
10412,14,18.6,20,0.1,372,PICCO,
10413,1,14.4,24,0,345.6,HUNGO,
10413,62,39.4,40,0,1576,VAFFE,
10413,76,14.4,14,0,201.6,BERGS,
10414,19,7.3,18,0.05,131.4,HANAR,
10414,33,2,50,0,100,QUICK,
10415,17,31.2,2,0,62.4,ALFKI,
10415,33,2,20,0,40,WHITC,
10416,19,7.3,20,0,146,QUICK,
10416,53,26.2,10,0,262,WILMK,
10416,57,15.6,20,0,312,WHITC,
10417,38,210.8,50,0,10540,LINOD,
10417,46,9.6,2,0.25,19.2,ERNSH,
10417,68,10,36,0.25,360,MORGK,
10417,77,10.4,35,0,364,SAVEA,
10418,2,15.2,60,0,912,HUNGO,
10418,47,7.6,55,0,418,ALFKI,
10418,61,22.8,16,0,364.8,FOLKO,
10418,74,8,15,0,120,QUEEN,
10419,60,27.2,60,0.05,1632,HILAA,
10419,69,28.8,20,0.05,576,OLDWO,
10420,9,77.6,20,0.1,1552,AROUT,
10420,13,4.8,2,0.1,9.6,THEBI,
10420,70,12,8,0.1,96,GOURL,
10420,73,12,20,0.1,240,FRANS,
10421,19,7.3,4,0.15,29.2,SAVEA,
10421,26,24.9,30,0,747,HUNGO,
10421,53,26.2,15,0.15,393,SAVEA,
10421,77,10.4,10,0.15,104,SAVEA,
10422,26,24.9,2,0,49.8,BONAP,
10423,31,10,14,0,140,RANCH,
10423,59,44,20,0,880,FRANK,
10424,35,14.4,60,0.2,864,KOENE,
10424,38,210.8,49,0.2,10329.2,LETSS,
10424,68,10,30,0.2,300,QUEDE,
10425,55,19.2,10,0.25,192,QUICK,
10425,76,14.4,20,0.25,288,SAVEA,
10426,56,30.4,5,0,152,WHITC,
10426,64,26.6,7,0,186.2,MEREP,
10427,14,18.6,35,0,651,FAMIA,
10428,46,9.6,20,0,192,EASTC,
10429,50,13,40,0,520,REGGC,
10429,63,35.1,35,0.25,1228.5,QUEEN,
10430,17,31.2,45,0.2,1404,LINOD,
10430,21,8,50,0,400,BONAP,
10430,56,30.4,30,0,912,CHOPS,
10430,59,44,70,0.2,3080,BONAP,
10431,17,31.2,50,0.25,1560,BERGS,
10431,40,14.7,50,0.25,735,GOURL,
10431,47,7.6,30,0.25,228,LETSS,
10432,26,24.9,10,0,249,HUNGO,
10432,54,5.9,40,0,236,VINET,
10433,56,30.4,28,0,851.2,SPECD,
10434,11,16.8,6,0,100.8,VINET,
10434,76,14.4,18,0.15,259.2,WHITC,
10435,2,15.2,10,0,152,AROUT,
10435,22,16.8,12,0,201.6,BOTTM,
10435,72,27.8,10,0,278,AROUT,
10436,46,9.6,5,0,48,VAFFE,
10436,56,30.4,40,0.1,1216,QUICK,
10436,64,26.6,30,0.1,798,CHOPS,
10436,75,6.2,24,0.1,148.8,PICCO,
10437,53,26.2,15,0,393,SAVEA,
10438,19,7.3,15,0.2,109.5,ISLAT,
10438,34,11.2,20,0.2,224,WARTH,
10438,57,15.6,15,0.2,234,RICSU,
10439,12,30.4,15,0,456,NORTS,
10439,16,13.9,16,0,222.4,FRANS,
10439,64,26.6,6,0,159.6,MAGAA,
10439,74,8,30,0,240,BONAP,
10440,2,15.2,45,0.15,684,SPLIR,
10440,16,13.9,49,0.15,681.1,SAVEA,
10440,29,99,24,0.15,2376,RICSU,
10440,61,22.8,90,0.15,2052,ANATR,
10441,27,35.1,50,0,1755,MAISD,
10442,11,16.8,30,0,504,RATTC,
10442,54,5.9,80,0,472,FOLKO,
10442,66,13.6,60,0,816,FOLIG,
10443,11,16.8,6,0.2,100.8,ERNSH,
10443,28,36.4,12,0,436.8,QUICK,
10444,17,31.2,10,0,312,OTTIK,
10444,26,24.9,15,0,373.5,SUPRD,
10444,35,14.4,8,0,115.2,AROUT,
10444,41,7.7,30,0,231,VAFFE,
10445,39,14.4,6,0,86.4,HANAR,
10445,54,5.9,15,0,88.5,ERNSH,
10446,19,7.3,12,0.1,87.6,LEHMS,
10446,24,3.6,20,0.1,72,ERNSH,
10446,31,10,3,0.1,30,FOLKO,
10446,52,5.6,15,0.1,84,THECR,
10447,19,7.3,40,0,292,ERNSH,
10447,65,16.8,35,0,588,GOURL,
10447,71,17.2,2,0,34.4,BERGS,
10448,26,24.9,6,0,149.4,MORGK,
10448,40,14.7,20,0,294,LILAS,
10449,10,24.8,14,0,347.2,WARTH,
10449,52,5.6,20,0,112,CACTU,
10449,62,39.4,35,0,1379,HANAR,
10450,10,24.8,20,0.2,496,MAGAA,
10450,54,5.9,6,0.2,35.4,GROSR,
10451,55,19.2,120,0.1,2304,QUEEN,
10451,64,26.6,35,0.1,931,LAMAI,
10451,65,16.8,28,0.1,470.4,QUICK,
10451,77,10.4,55,0.1,572,FOLIG,
10452,28,36.4,15,0,546,GOURL,
10452,44,15.5,100,0.05,1550,FRANK,
10453,48,10.2,15,0.1,153,WOLZA,
10453,70,12,25,0.1,300,AROUT,
10454,16,13.9,20,0.2,278,QUEDE,
10454,33,2,20,0.2,40,ERNSH,
10454,46,9.6,10,0.2,96,HILAA,
10455,39,14.4,20,0,288,DRACD,
10455,53,26.2,50,0,1310,ISLAT,
10455,61,22.8,25,0,570,KOENE,
10455,71,17.2,30,0,516,SEVES,
10456,21,8,40,0.15,320,BOLID,
10456,49,16,21,0.15,336,SIMOB,
10457,59,44,36,0,1584,WELLI,
10458,26,24.9,30,0,747,SEVES,
10458,28,36.4,30,0,1092,THEBI,
10458,43,36.8,20,0,736,VICTE,
10458,56,30.4,15,0,456,FRANS,
10458,71,17.2,50,0,860,OLDWO,
10459,7,24,16,0.05,384,WELLI,
10459,46,9.6,20,0.05,192,LAUGB,
10459,72,27.8,40,0,1112,LINOD,
10460,68,10,21,0.25,210,REGGC,
10460,75,6.2,4,0.25,24.8,RICAR,
10461,21,8,40,0.25,320,VICTE,
10461,30,20.7,28,0.25,579.6,SAVEA,
10461,55,19.2,60,0.25,1152,GREAL,
10462,13,4.8,1,0,4.8,KOENE,
10462,23,7.2,21,0,151.2,MAGAA,
10463,19,7.3,21,0,153.3,CACTU,
10463,42,11.2,50,0,560,RATTC,
10464,4,17.6,16,0.2,281.6,SPLIR,
10464,43,36.8,3,0,110.4,TRAIH,
10464,56,30.4,30,0.2,912,LILAS,
10464,60,27.2,20,0,544,FOLKO,
10465,24,3.6,25,0,90,DRACD,
10465,29,99,18,0.1,1782,BLONP,
10465,40,14.7,20,0,294,BONAP,
10465,45,7.6,30,0.1,228,RANCH,
10465,50,13,25,0,325,ISLAT,
10466,11,16.8,10,0,168,TRADH,
10466,46,9.6,5,0,48,SANTG,
10467,24,3.6,28,0,100.8,LAMAI,
10467,25,11.2,12,0,134.4,OTTIK,
10468,30,20.7,8,0,165.6,TRADH,
10468,43,36.8,15,0,552,ALFKI,
10469,2,15.2,40,0.15,608,ERNSH,
10469,16,13.9,35,0.15,486.5,BERGS,
10469,44,15.5,2,0.15,31,LINOD,
10470,18,50,30,0,1500,TRADH,
10470,23,7.2,15,0,108,LINOD,
10470,64,26.6,8,0,212.8,SUPRD,
10471,7,24,30,0,720,TORTU,
10471,56,30.4,20,0,608,VICTE,
10472,24,3.6,80,0.05,288,PICCO,
10472,51,42.4,18,0,763.2,QUICK,
10473,33,2,12,0,24,SUPRD,
10473,71,17.2,12,0,206.4,SAVEA,
10474,14,18.6,12,0,223.2,CONSH,
10474,28,36.4,18,0,655.2,KOENE,
10474,40,14.7,21,0,308.7,VICTE,
10474,75,6.2,10,0,62,RICAR,
10475,31,10,35,0.15,350,RATTC,
10475,66,13.6,60,0.15,816,BLAUS,
10475,76,14.4,42,0.15,604.8,ERNSH,
10476,55,19.2,2,0.05,38.4,OLDWO,
10476,70,12,12,0,144,ANTON,
10477,1,14.4,15,0,216,BERGS,
10477,21,8,21,0.25,168,LACOR,
10477,39,14.4,20,0.25,288,FRANK,
10478,10,24.8,20,0.05,496,FRANR,
10479,38,210.8,30,0,6324,WHITC,
10479,53,26.2,28,0,733.6,LEHMS,
10479,59,44,60,0,2640,HILAA,
10479,64,26.6,30,0,798,AROUT,
10480,47,7.6,30,0,228,QUICK,
10480,59,44,12,0,528,BERGS,
10481,49,16,24,0,384,LONEP,
10481,60,27.2,40,0,1088,QUEEN,
10482,40,14.7,10,0,147,SEVES,
10483,34,11.2,35,0.05,392,WOLZA,
10483,77,10.4,30,0.05,312,BONAP,
10484,21,8,14,0,112,GODOS,
10484,40,14.7,10,0,147,WILMK,
10484,51,42.4,3,0,127.2,GODOS,
10485,2,15.2,20,0.1,304,BERGS,
10485,3,8,20,0.1,160,BONAP,
10485,55,19.2,30,0.1,576,RICAR,
10485,70,12,60,0.1,720,QUICK,
10486,11,16.8,5,0,84,WILMK,
10486,51,42.4,25,0,1060,FOLKO,
10486,74,8,16,0,128,CACTU,
10487,19,7.3,5,0,36.5,SAVEA,
10487,26,24.9,30,0,747,LONEP,
10487,54,5.9,24,0.25,141.6,LETSS,
10488,59,44,30,0,1320,SUPRD,
10488,73,12,20,0.2,240,HANAR,
10489,11,16.8,15,0.25,252,GALED,
10489,16,13.9,18,0,250.2,GODOS,
10490,59,44,60,0,2640,RATTC,
10490,68,10,30,0,300,DUMON,
10490,75,6.2,36,0,223.2,LEHMS,
10491,44,15.5,15,0.15,232.5,MAISD,
10491,77,10.4,7,0.15,72.8,KOENE,
10492,25,11.2,60,0.05,672,SAVEA,
10492,42,11.2,20,0.05,224,ERNSH,
10493,65,16.8,15,0.1,252,MAISD,
10493,66,13.6,10,0.1,136,HUNGO,
10493,69,28.8,10,0.1,288,OCEAN,
10494,56,30.4,30,0,912,LILAS,
10495,23,7.2,10,0,72,WELLI,
10495,41,7.7,20,0,154,HILAA,
10495,77,10.4,5,0,52,FOLKO,
10496,31,10,20,0.05,200,HANAR,
10497,56,30.4,14,0,425.6,WHITC,
10497,72,27.8,25,0,695,WELLI,
10497,77,10.4,25,0,260,WOLZA,
10498,24,4.5,14,0,63,SPECD,
10498,40,18.4,5,0,92,REGGC,
10498,42,14,30,0,420,SANTG,
10499,28,45.6,20,0,912,WILMK,
10499,49,20,25,0,500,GODOS,
10500,15,15.5,12,0.05,186,HUNGO,
10500,28,45.6,8,0.05,364.8,QUEEN,
10501,54,7.45,20,0,149,QUEEN,
10502,45,9.5,21,0,199.5,TORTU,
10502,53,32.8,6,0,196.8,RANCH,
10502,67,14,30,0,420,ROMEY,
10503,14,23.25,70,0,1627.5,BOTTM,
10503,65,21.05,20,0,421,LINOD,
10504,2,19,12,0,228,AROUT,
10504,21,10,12,0,120,VAFFE,
10504,53,32.8,10,0,328,HANAR,
10504,61,28.5,25,0,712.5,LAMAI,
10505,62,49.3,3,0,147.9,BERGS,
10506,25,14,18,0.1,252,HANAR,
10506,70,15,14,0.1,210,ANATR,
10507,43,46,15,0.15,690,LACOR,
10507,48,12.75,15,0.15,191.25,GALED,
10508,13,6,10,0,60,FRANK,
10508,39,18,10,0,180,SUPRD,
10509,28,45.6,3,0,136.8,RICSU,
10510,29,123.79,36,0,4456.44,BONAP,
10510,75,7.75,36,0.1,279,ISLAT,
10511,4,22,50,0.15,1100,LEHMS,
10511,7,30,50,0.15,1500,WELLI,
10511,8,40,10,0.15,400,GREAL,
10512,24,4.5,10,0.15,45,CACTU,
10512,46,12,9,0.15,108,QUICK,
10512,47,9.5,6,0.15,57,MAGAA,
10512,60,34,12,0.15,408,BONAP,
10513,21,10,40,0.2,400,SAVEA,
10513,32,32,50,0.2,1600,REGGC,
10513,61,28.5,15,0.2,427.5,BSBEV,
10514,20,81,39,0,3159,BOTTM,
10514,28,45.6,35,0,1596,MORGK,
10514,56,38,70,0,2660,VAFFE,
10514,65,21.05,39,0,820.95,BSBEV,
10514,75,7.75,50,0,387.5,GODOS,
10515,9,97,16,0.15,1552,BOTTM,
10515,16,17.45,50,0,872.5,MAGAA,
10515,27,43.9,120,0,5268,RICSU,
10515,33,2.5,16,0.15,40,ALFKI,
10515,60,34,84,0.15,2856,AROUT,
10516,18,62.5,25,0.1,1562.5,LINOD,
10516,41,9.65,80,0.1,772,FOLKO,
10516,42,14,20,0,280,BLAUS,
10517,52,7,6,0,42,HILAA,
10517,59,55,4,0,220,OCEAN,
10517,70,15,6,0,90,GOURL,
10518,24,4.5,5,0,22.5,HILAA,
10518,38,263.5,15,0,3952.5,QUEEN,
10518,44,19.45,9,0,175.05,QUICK,
10519,10,31,16,0.05,496,FURIB,
10519,56,38,40,0,1520,SPECD,
10519,60,34,10,0.05,340,OLDWO,
10520,24,4.5,8,0,36,CHOPS,
10520,53,32.8,5,0,164,TOMSP,
10521,35,18,3,0,54,ERNSH,
10521,41,9.65,10,0,96.5,COMMI,
10521,68,12.5,6,0,75,BOLID,
10522,1,18,40,0.2,720,FRANR,
10522,8,40,24,0,960,LACOR,
10522,30,25.89,20,0.2,517.8,LACOR,
10522,40,18.4,25,0.2,460,SPLIR,
10523,17,39,25,0.1,975,BOTTM,
10523,20,81,15,0.1,1215,HILAA,
10523,37,26,18,0.1,468,FOLKO,
10523,41,9.65,6,0.1,57.9,MAISD,
10524,10,31,2,0,62,ERNSH,
10524,30,25.89,10,0,258.9,FOLKO,
10524,43,46,60,0,2760,HANAR,
10524,54,7.45,15,0,111.75,BOTTM,
10525,36,19,30,0,570,SAVEA,
10525,40,18.4,15,0.1,276,SAVEA,
10526,1,18,8,0.15,144,HUNGO,
10526,13,6,10,0,60,OCEAN,
10526,56,38,30,0.15,1140,EASTC,
10527,4,22,50,0.1,1100,RATTC,
10527,36,19,30,0.1,570,QUEDE,
10528,11,21,3,0,63,ERNSH,
10528,33,2.5,8,0.2,20,QUICK,
10528,72,34.8,9,0,313.2,THEBI,
10529,55,24,14,0,336,FOLKO,
10529,68,12.5,20,0,250,VAFFE,
10529,69,36,10,0,360,PERIC,
10530,17,39,40,0,1560,QUICK,
10530,43,46,25,0,1150,LILAS,
10530,61,28.5,20,0,570,WOLZA,
10530,76,18,50,0,900,OTTIK,
10531,59,55,2,0,110,RATTC,
10532,30,25.89,15,0,388.35,FOLKO,
10532,66,17,24,0,408,SAVEA,
10533,4,22,50,0.05,1100,THECR,
10533,72,34.8,24,0,835.2,MAISD,
10533,73,15,24,0.05,360,WILMK,
10534,30,25.89,10,0,258.9,GREAL,
10534,40,18.4,10,0.2,184,PRINI,
10534,54,7.45,10,0.2,74.5,ERNSH,
10535,11,21,50,0.1,1050,GODOS,
10535,40,18.4,10,0.1,184,REGGC,
10535,57,19.5,5,0.1,97.5,ALFKI,
10535,59,55,15,0.1,825,FRANK,
10536,12,38,15,0.25,570,ROMEY,
10536,31,12.5,20,0,250,LINOD,
10536,33,2.5,30,0,75,SANTG,
10536,60,34,35,0.25,1190,AROUT,
10537,31,12.5,30,0,375,ERNSH,
10537,51,53,6,0,318,LONEP,
10537,58,13.25,20,0,265,RANCH,
10537,72,34.8,21,0,730.8,OTTIK,
10537,73,15,9,0,135,QUICK,
10538,70,15,7,0,105,HANAR,
10538,72,34.8,1,0,34.8,BSBEV,
10539,13,6,8,0,48,EASTC,
10539,21,10,15,0,150,WARTH,
10539,33,2.5,15,0,37.5,FRANS,
10539,49,20,6,0,120,BOTTM,
10540,3,10,60,0,600,KOENE,
10540,26,31.23,40,0,1249.2,CHOPS,
10540,38,263.5,30,0,7905,SAVEA,
10540,68,12.5,35,0,437.5,SAVEA,
10541,24,4.5,35,0.1,157.5,WHITC,
10541,38,263.5,4,0.1,1054,RICSU,
10541,65,21.05,36,0.1,757.8,OLDWO,
10541,71,21.5,9,0.1,193.5,SUPRD,
10542,11,21,15,0.05,315,DRACD,
10542,54,7.45,24,0.05,178.8,GODOS,
10543,12,38,30,0.15,1140,SUPRD,
10543,23,9,70,0.15,630,LINOD,
10544,28,45.6,7,0,319.2,GREAL,
10544,67,14,7,0,98,CHOPS,
10545,11,21,10,0,210,COMMI,
10546,7,30,10,0,300,SPECD,
10546,35,18,30,0,540,WOLZA,
10546,62,49.3,40,0,1972,BOTTM,
10547,32,32,24,0.15,768,WANDK,
10547,36,19,60,0,1140,EASTC,
10548,34,14,10,0.25,140,BOTTM,
10548,41,9.65,14,0,135.1,GOURL,
10549,31,12.5,55,0.15,687.5,FOLKO,
10549,45,9.5,100,0.15,950,LAMAI,
10549,51,53,48,0.15,2544,HANAR,
10550,17,39,8,0.1,312,PICCO,
10550,19,9.2,10,0,92,CACTU,
10550,21,10,6,0.1,60,HILAA,
10550,61,28.5,10,0.1,285,EASTC,
10551,16,17.45,40,0.15,698,NORTS,
10551,35,18,20,0.15,360,BLAUS,
10551,44,19.45,40,0,778,RICAR,
10552,69,36,18,0,648,FRANS,
10552,75,7.75,30,0,232.5,GREAL,
10553,11,21,15,0,315,REGGC,
10553,16,17.45,14,0,244.3,HUNGO,
10553,22,21,24,0,504,SAVEA,
10553,31,12.5,30,0,375,LILAS,
10553,35,18,6,0,108,WHITC,
10554,16,17.45,30,0.05,523.5,DRACD,
10554,23,9,20,0.05,180,QUEEN,
10554,62,49.3,20,0.05,986,TORTU,
10554,77,13,10,0.05,130,LEHMS,
10555,14,23.25,30,0.2,697.5,LILAS,
10555,19,9.2,35,0.2,322,ERNSH,
10555,24,4.5,18,0.2,81,PERIC,
10555,51,53,20,0.2,1060,SIMOB,
10555,56,38,40,0.2,1520,RICSU,
10556,72,34.8,24,0,835.2,BONAP,
10557,64,33.25,30,0,997.5,RATTC,
10557,75,7.75,20,0,155,,
10558,47,9.5,25,0,237.5,,
10558,51,53,20,0,1060,,
10558,52,7,30,0,210,,
10558,53,32.8,18,0,590.4,,
10558,73,15,3,0,45,,
10559,41,9.65,12,0.05,115.8,,
10559,55,24,18,0.05,432,,
10560,30,25.89,20,0,517.8,,
10560,62,49.3,15,0.25,739.5,,
10561,44,19.45,10,0,194.5,,
10561,51,53,50,0,2650,,
10562,33,2.5,20,0.1,50,,
10562,62,49.3,10,0.1,493,,
10563,36,19,25,0,475,,
10563,52,7,70,0,490,,
10564,17,39,16,0.05,624,,
10564,31,12.5,6,0.05,75,,
10564,55,24,25,0.05,600,,
10565,24,4.5,25,0.1,112.5,,
10565,64,33.25,18,0.1,598.5,,
10566,11,21,35,0.15,735,,
10566,18,62.5,18,0.15,1125,,
10566,76,18,10,0,180,,
10567,31,12.5,60,0.2,750,,
10567,51,53,3,0,159,,
10567,59,55,40,0.2,2200,,
10568,10,31,5,0,155,,
10569,31,12.5,35,0.2,437.5,,
10569,76,18,30,0,540,,
10570,11,21,15,0.05,315,,
10570,56,38,60,0.05,2280,,
10571,14,23.25,11,0.15,255.75,,
10571,42,14,28,0.15,392,,
10572,16,17.45,12,0.1,209.4,,
10572,32,32,10,0.1,320,,
10572,40,18.4,50,0,920,,
10572,75,7.75,15,0.1,116.25,,
10573,17,39,18,0,702,,
10573,34,14,40,0,560,,
10573,53,32.8,25,0,820,,
10574,33,2.5,14,0,35,,
10574,40,18.4,2,0,36.8,,
10574,62,49.3,10,0,493,,
10574,64,33.25,6,0,199.5,,
10575,59,55,12,0,660,,
10575,63,43.9,6,0,263.4,,
10575,72,34.8,30,0,1044,,
10575,76,18,10,0,180,,
10576,1,18,10,0,180,,
10576,31,12.5,20,0,250,,
10576,44,19.45,21,0,408.45,,
10577,39,18,10,0,180,,
10577,75,7.75,20,0,155,,
10577,77,13,18,0,234,,
10578,35,18,20,0,360,,
10578,57,19.5,6,0,117,,
10579,15,15.5,10,0,155,,
10579,75,7.75,21,0,162.75,,
10580,14,23.25,15,0.05,348.75,,
10580,41,9.65,9,0.05,86.85,,
10580,65,21.05,30,0.05,631.5,,
10581,75,7.75,50,0.2,387.5,,
10582,57,19.5,4,0,78,,
10582,76,18,14,0,252,,
10583,29,123.79,10,0,1237.9,,
10583,60,34,24,0.15,816,,
10583,69,36,10,0.15,360,,
10584,31,12.5,50,0.05,625,,
10585,47,9.5,15,0,142.5,,
10586,52,7,4,0.15,28,,
10587,26,31.23,6,0,187.38,,
10587,35,18,20,0,360,,
10587,77,13,20,0,260,,
10588,18,62.5,40,0.2,2500,,
10588,42,14,100,0.2,1400,,
10589,35,18,4,0,72,,
10590,1,18,20,0,360,,
10590,77,13,60,0.05,780,,
10591,3,10,14,0,140,,
10591,7,30,10,0,300,,
10591,54,7.45,50,0,372.5,,
10592,15,15.5,25,0.05,387.5,,
10592,26,31.23,5,0.05,156.15,,
10593,20,81,21,0.2,1701,,
10593,69,36,20,0.2,720,,
10593,76,18,4,0.2,72,,
10594,52,7,24,0,168,,
10594,58,13.25,30,0,397.5,,
10595,35,18,30,0.25,540,,
10595,61,28.5,120,0.25,3420,,
10595,69,36,65,0.25,2340,,
10596,56,38,5,0.2,190,,
10596,63,43.9,24,0.2,1053.6,,
10596,75,7.75,30,0.2,232.5,,
10597,24,4.5,35,0.2,157.5,,
10597,57,19.5,20,0,390,,
10597,65,21.05,12,0.2,252.6,,
10598,27,43.9,50,0,2195,,
10598,71,21.5,9,0,193.5,,
10599,62,49.3,10,0,493,,
10600,54,7.45,4,0,29.8,,
10600,73,15,30,0,450,,
10601,13,6,60,0,360,,
10601,59,55,35,0,1925,,
10602,77,13,5,0.25,65,,
10603,22,21,48,0,1008,,
10603,49,20,25,0.05,500,,
10604,48,12.75,6,0.1,76.5,,
10604,76,18,10,0.1,180,,
10605,16,17.45,30,0.05,523.5,,
10605,59,55,20,0.05,1100,,
10605,60,34,70,0.05,2380,,
10605,71,21.5,15,0.05,322.5,,
10606,4,22,20,0.2,440,,
10606,55,24,20,0.2,480,,
10606,62,49.3,10,0.2,493,,
10607,7,30,45,0,1350,,
10607,17,39,100,0,3900,,
10607,33,2.5,14,0,35,,
10607,40,18.4,42,0,772.8,,
10607,72,34.8,12,0,417.6,,
10608,56,38,28,0,1064,,
10609,1,18,3,0,54,,
10609,10,31,10,0,310,,
10609,21,10,6,0,60,,
10610,36,19,21,0.25,399,,
10611,1,18,6,0,108,,
10611,2,19,10,0,190,,
10611,60,34,15,0,510,,
10612,10,31,70,0,2170,,
10612,36,19,55,0,1045,,
10612,49,20,18,0,360,,
10612,60,34,40,0,1360,,
10612,76,18,80,0,1440,,
10613,13,6,8,0.1,48,,
10613,75,7.75,40,0,310,,
10614,11,21,14,0,294,,
10614,21,10,8,0,80,,
10614,39,18,5,0,90,,
10615,55,24,5,0,120,,
10616,38,263.5,15,0.05,3952.5,,
10616,56,38,14,0,532,,
10616,70,15,15,0.05,225,,
10616,71,21.5,15,0.05,322.5,,
10617,59,55,30,0.15,1650,,
10618,6,25,70,0,1750,,
10618,56,38,20,0,760,,
10618,68,12.5,15,0,187.5,,
10619,21,10,42,0,420,,
10619,22,21,40,0,840,,
10620,24,4.5,5,0,22.5,,
10620,52,7,5,0,35,,
10621,19,9.2,5,0,46,,
10621,23,9,10,0,90,,
10621,70,15,20,0,300,,
10621,71,21.5,15,0,322.5,,
10622,2,19,20,0,380,,
10622,68,12.5,18,0.2,225,,
10623,14,23.25,21,0,488.25,,
10623,19,9.2,15,0.1,138,,
10623,21,10,25,0.1,250,,
10623,24,4.5,3,0,13.5,,
10623,35,18,30,0.1,540,,
10624,28,45.6,10,0,456,,
10624,29,123.79,6,0,742.74,,
10624,44,19.45,10,0,194.5,,
10625,14,23.25,3,0,69.75,,
10625,42,14,5,0,70,,
10625,60,34,10,0,340,,
10626,53,32.8,12,0,393.6,,
10626,60,34,20,0,680,,
10626,71,21.5,20,0,430,,
10627,62,49.3,15,0,739.5,,
10627,73,15,35,0.15,525,,
10628,1,18,25,0,450,,
10629,29,123.79,20,0,2475.8,,
10629,64,33.25,9,0,299.25,,
10630,55,24,12,0.05,288,,
10630,76,18,35,0,630,,
10631,75,7.75,8,0.1,62,,
10632,2,19,30,0.05,570,,
10632,33,2.5,20,0.05,50,,
10633,12,38,36,0.15,1368,,
10633,13,6,13,0.15,78,,
10633,26,31.23,35,0.15,1093.05,,
10633,62,49.3,80,0.15,3944,,
10634,7,30,35,0,1050,,
10634,18,62.5,50,0,3125,,
10634,51,53,15,0,795,,
10634,75,7.75,2,0,15.5,,
10635,4,22,10,0.1,220,,
10635,5,21.35,15,0.1,320.25,,
10635,22,21,40,0,840,,
10636,4,22,25,0,550,,
10636,58,13.25,6,0,79.5,,
10637,11,21,10,0,210,,
10637,50,16.25,25,0.05,406.25,,
10637,56,38,60,0.05,2280,,
10638,45,9.5,20,0,190,,
10638,65,21.05,21,0,442.05,,
10638,72,34.8,60,0,2088,,
10639,18,62.5,8,0,500,,
10640,69,36,20,0.25,720,,
10640,70,15,15,0.25,225,,
10641,2,19,50,0,950,,
10641,40,18.4,60,0,1104,,
10642,21,10,30,0.2,300,,
10642,61,28.5,20,0.2,570,,
10643,28,45.6,15,0.25,684,,
10643,39,18,21,0.25,378,,
10643,46,12,2,0.25,24,,
10644,18,62.5,4,0.1,250,,
10644,43,46,20,0,920,,
10644,46,12,21,0.1,252,,
10645,18,62.5,20,0,1250,,
10645,36,19,15,0,285,,
10646,1,18,15,0.25,270,,
10646,10,31,18,0.25,558,,
10646,71,21.5,30,0.25,645,,
10646,77,13,35,0.25,455,,
10647,19,9.2,30,0,276,,
10647,39,18,20,0,360,,
10648,22,21,15,0,315,,
10648,24,4.5,15,0.15,67.5,,
10649,28,45.6,20,0,912,,
10649,72,34.8,15,0,522,,
10650,30,25.89,30,0,776.7,,
10650,53,32.8,25,0.05,820,,
10650,54,7.45,30,0,223.5,,
10651,19,9.2,12,0.25,110.4,,
10651,22,21,20,0.25,420,,
10652,30,25.89,2,0.25,51.78,,
10652,42,14,20,0,280,,
10653,16,17.45,30,0.1,523.5,,
10653,60,34,20,0.1,680,,
10654,4,22,12,0.1,264,,
10654,39,18,20,0.1,360,,
10654,54,7.45,6,0.1,44.7,,
10655,41,9.65,20,0.2,193,,
10656,14,23.25,3,0.1,69.75,,
10656,44,19.45,28,0.1,544.6,,
10656,47,9.5,6,0.1,57,,
10657,15,15.5,50,0,775,,
10657,41,9.65,24,0,231.6,,
10657,46,12,45,0,540,,
10657,47,9.5,10,0,95,,
10657,56,38,45,0,1710,,
10657,60,34,30,0,1020,,
10658,21,10,60,0,600,,
10658,40,18.4,70,0.05,1288,,
10658,60,34,55,0.05,1870,,
10658,77,13,70,0.05,910,,
10659,31,12.5,20,0.05,250,,
10659,40,18.4,24,0.05,441.6,,
10659,70,15,40,0.05,600,,
10660,20,81,21,0,1701,,
10661,39,18,3,0.2,54,,
10661,58,13.25,49,0.2,649.25,,
10662,68,12.5,10,0,125,,
10663,40,18.4,30,0.05,552,,
10663,42,14,30,0.05,420,,
10663,51,53,20,0.05,1060,,
10664,10,31,24,0.15,744,,
10664,56,38,12,0.15,456,,
10664,65,21.05,15,0.15,315.75,,
10665,51,53,20,0,1060,,
10665,59,55,1,0,55,,
10665,76,18,10,0,180,,
10666,29,123.79,36,0,4456.44,,
10666,65,21.05,10,0,210.5,,
10667,69,36,45,0.2,1620,,
10667,71,21.5,14,0.2,301,,
10668,31,12.5,8,0.1,100,,
10668,55,24,4,0.1,96,,
10668,64,33.25,15,0.1,498.75,,
10669,36,19,30,0,570,,
10670,23,9,32,0,288,,
10670,46,12,60,0,720,,
10670,67,14,25,0,350,,
10670,73,15,50,0,750,,
10670,75,7.75,25,0,193.75,,
10671,16,17.45,10,0,174.5,,
10671,62,49.3,10,0,493,,
10671,65,21.05,12,0,252.6,,
10672,38,263.5,15,0.1,3952.5,,
10672,71,21.5,12,0,258,,
10673,16,17.45,3,0,52.35,,
10673,42,14,6,0,84,,
10673,43,46,6,0,276,,
10674,23,9,5,0,45,,
10675,14,23.25,30,0,697.5,,
10675,53,32.8,10,0,328,,
10675,58,13.25,30,0,397.5,,
10676,10,31,2,0,62,,
10676,19,9.2,7,0,64.4,,
10676,44,19.45,21,0,408.45,,
10677,26,31.23,30,0.15,936.9,,
10677,33,2.5,8,0.15,20,,
10678,12,38,100,0,3800,,
10678,33,2.5,30,0,75,,
10678,41,9.65,120,0,1158,,
10678,54,7.45,30,0,223.5,,
10679,59,55,12,0,660,,
10680,16,17.45,50,0.25,872.5,,
10680,31,12.5,20,0.25,250,,
10680,42,14,40,0.25,560,,
10681,19,9.2,30,0.1,276,,
10681,21,10,12,0.1,120,,
10681,64,33.25,28,0,931,,
10682,33,2.5,30,0,75,,
10682,66,17,4,0,68,,
10682,75,7.75,30,0,232.5,,
10683,52,7,9,0,63,,
10684,40,18.4,20,0,368,,
10684,47,9.5,40,0,380,,
10684,60,34,30,0,1020,,
10685,10,31,20,0,620,,
10685,41,9.65,4,0,38.6,,
10685,47,9.5,15,0,142.5,,
10686,17,39,30,0.2,1170,,
10686,26,31.23,15,0,468.45,,
10687,9,97,50,0.25,4850,,
10687,29,123.79,10,0,1237.9,,
10687,36,19,6,0.25,114,,
10688,10,31,18,0.1,558,,
10688,28,45.6,60,0.1,2736,,
10688,34,14,14,0,196,,
10689,1,18,35,0.25,630,,
10690,56,38,20,0.25,760,,
10690,77,13,30,0.25,390,,
10691,1,18,30,0,540,,
10691,29,123.79,40,0,4951.6,,
10691,43,46,40,0,1840,,
10691,44,19.45,24,0,466.8,,
10691,62,49.3,48,0,2366.4,,
10692,63,43.9,20,0,878,,
10693,9,97,6,0,582,,
10693,54,7.45,60,0.15,447,,
10693,69,36,30,0.15,1080,,
10693,73,15,15,0.15,225,,
10694,7,30,90,0,2700,,
10694,59,55,25,0,1375,,
10694,70,15,50,0,750,,
10695,8,40,10,0,400,,
10695,12,38,4,0,152,,
10695,24,4.5,20,0,90,,
10696,17,39,20,0,780,,
10696,46,12,18,0,216,,
10697,19,9.2,7,0.25,64.4,,
10697,35,18,9,0.25,162,,
10697,58,13.25,30,0.25,397.5,,
10697,70,15,30,0.25,450,,
10698,11,21,15,0,315,,
10698,17,39,8,0.05,312,,
10698,29,123.79,12,0.05,1485.48,,
10698,65,21.05,65,0.05,1368.25,,
10698,70,15,8,0.05,120,,
10699,47,9.5,12,0,114,,
10700,1,18,5,0.2,90,,
10700,34,14,12,0.2,168,,
10700,68,12.5,40,0.2,500,,
10700,71,21.5,60,0.2,1290,,
10701,59,55,42,0.15,2310,,
10701,71,21.5,20,0.15,430,,
10701,76,18,35,0.15,630,,
10702,3,10,6,0,60,,
10702,76,18,15,0,270,,
10703,2,19,5,0,95,,
10703,59,55,35,0,1925,,
10703,73,15,35,0,525,,
10704,4,22,6,0,132,,
10704,24,4.5,35,0,157.5,,
10704,48,12.75,24,0,306,,
10705,31,12.5,20,0,250,,
10705,32,32,4,0,128,,
10706,16,17.45,20,0,349,,
10706,43,46,24,0,1104,,
10706,59,55,8,0,440,,
10707,55,24,21,0,504,,
10707,57,19.5,40,0,780,,
10707,70,15,28,0.15,420,,
10708,5,21.35,4,0,85.4,,
10708,36,19,5,0,95,,
10709,8,40,40,0,1600,,
10709,51,53,28,0,1484,,
10709,60,34,10,0,340,,
10710,19,9.2,5,0,46,,
10710,47,9.5,5,0,47.5,,
10711,19,9.2,12,0,110.4,,
10711,41,9.65,42,0,405.3,,
10711,53,32.8,120,0,3936,,
10712,53,32.8,3,0.05,98.4,,
10712,56,38,30,0,1140,,
10713,10,31,18,0,558,,
10713,26,31.23,30,0,936.9,,
10713,45,9.5,110,0,1045,,
10713,46,12,24,0,288,,
10714,2,19,30,0.25,570,,
10714,17,39,27,0.25,1053,,
10714,47,9.5,50,0.25,475,,
10714,56,38,18,0.25,684,,
10714,58,13.25,12,0.25,159,,
10715,10,31,21,0,651,,
10715,71,21.5,30,0,645,,
10716,21,10,5,0,50,,
10716,51,53,7,0,371,,
10716,61,28.5,10,0,285,,
10717,21,10,32,0.05,320,,
10717,54,7.45,15,0,111.75,,
10717,69,36,25,0.05,900,,
10718,12,38,36,0,1368,,
10718,16,17.45,20,0,349,,
10718,36,19,40,0,760,,
10718,62,49.3,20,0,986,,
10719,18,62.5,12,0.25,750,,
10719,30,25.89,3,0.25,77.67,,
10719,54,7.45,40,0.25,298,,
10720,35,18,21,0,378,,
10720,71,21.5,8,0,172,,
10721,44,19.45,50,0.05,972.5,,
10722,2,19,3,0,57,,
10722,31,12.5,50,0,625,,
10722,68,12.5,45,0,562.5,,
10722,75,7.75,42,0,325.5,,
10723,26,31.23,15,0,468.45,,
10724,10,31,16,0,496,,
10724,61,28.5,5,0,142.5,,
10725,41,9.65,12,0,115.8,,
10725,52,7,4,0,28,,
10725,55,24,6,0,144,,
10726,4,22,25,0,550,,
10726,11,21,5,0,105,,
10727,17,39,20,0.05,780,,
10727,56,38,10,0.05,380,,
10727,59,55,10,0.05,550,,
10728,30,25.89,15,0,388.35,,
10728,40,18.4,6,0,110.4,,
10728,55,24,12,0,288,,
10728,60,34,15,0,510,,
10729,1,18,50,0,900,,
10729,21,10,30,0,300,,
10729,50,16.25,40,0,650,,
10730,16,17.45,15,0.05,261.75,,
10730,31,12.5,3,0.05,37.5,,
10730,65,21.05,10,0.05,210.5,,
10731,21,10,40,0.05,400,,
10731,51,53,30,0.05,1590,,
10732,76,18,20,0,360,,
10733,14,23.25,16,0,372,,
10733,28,45.6,20,0,912,,
10733,52,7,25,0,175,,
10734,6,25,30,0,750,,
10734,30,25.89,15,0,388.35,,
10734,76,18,20,0,360,,
10735,61,28.5,20,0.1,570,,
10735,77,13,2,0.1,26,,
10736,65,21.05,40,0,842,,
10736,75,7.75,20,0,155,,
10737,13,6,4,0,24,,
10737,41,9.65,12,0,115.8,,
10738,16,17.45,3,0,52.35,,
10739,36,19,6,0,114,,
10739,52,7,18,0,126,,
10740,28,45.6,5,0.2,228,,
10740,35,18,35,0.2,630,,
10740,45,9.5,40,0.2,380,,
10740,56,38,14,0.2,532,,
10741,2,19,15,0.2,285,,
10742,3,10,20,0,200,,
10742,60,34,50,0,1700,,
10742,72,34.8,35,0,1218,,
10743,46,12,28,0.05,336,,
10744,40,18.4,50,0.2,920,,
10745,18,62.5,24,0,1500,,
10745,44,19.45,16,0,311.2,,
10745,59,55,45,0,2475,,
10745,72,34.8,7,0,243.6,,
10746,13,6,6,0,36,,
10746,42,14,28,0,392,,
10746,62,49.3,9,0,443.7,,
10746,69,36,40,0,1440,,
10747,31,12.5,8,0,100,,
10747,41,9.65,35,0,337.75,,
10747,63,43.9,9,0,395.1,,
10747,69,36,30,0,1080,,
10748,23,9,44,0,396,,
10748,40,18.4,40,0,736,,
10748,56,38,28,0,1064,,
10749,56,38,15,0,570,,
10749,59,55,6,0,330,,
10749,76,18,10,0,180,,
10750,14,23.25,5,0.15,116.25,,
10750,45,9.5,40,0.15,380,,
10750,59,55,25,0.15,1375,,
10751,26,31.23,12,0.1,374.76,,
10751,30,25.89,30,0,776.7,,
10751,50,16.25,20,0.1,325,,
10751,73,15,15,0,225,,
10752,1,18,8,0,144,,
10752,69,36,3,0,108,,
10753,45,9.5,4,0,38,,
10753,74,10,5,0,50,,
10754,40,18.4,3,0,55.2,,
10755,47,9.5,30,0.25,285,,
10755,56,38,30,0.25,1140,,
10755,57,19.5,14,0.25,273,,
10755,69,36,25,0.25,900,,
10756,18,62.5,21,0.2,1312.5,,
10756,36,19,20,0.2,380,,
10756,68,12.5,6,0.2,75,,
10756,69,36,20,0.2,720,,
10757,34,14,30,0,420,,
10757,59,55,7,0,385,,
10757,62,49.3,30,0,1479,,
10757,64,33.25,24,0,798,,
10758,26,31.23,20,0,624.6,,
10758,52,7,60,0,420,,
10758,70,15,40,0,600,,
10759,32,32,10,0,320,,
10760,25,14,12,0.25,168,,
10760,27,43.9,40,0,1756,,
10760,43,46,30,0.25,1380,,
10761,25,14,35,0.25,490,,
10761,75,7.75,18,0,139.5,,
10762,39,18,16,0,288,,
10762,47,9.5,30,0,285,,
10762,51,53,28,0,1484,,
10762,56,38,60,0,2280,,
10763,21,10,40,0,400,,
10763,22,21,6,0,126,,
10763,24,4.5,20,0,90,,
10764,3,10,20,0.1,200,,
10764,39,18,130,0.1,2340,,
10765,65,21.05,80,0.1,1684,,
10766,2,19,40,0,760,,
10766,7,30,35,0,1050,,
10766,68,12.5,40,0,500,,
10767,42,14,2,0,28,,
10768,22,21,4,0,84,,
10768,31,12.5,50,0,625,,
10768,60,34,15,0,510,,
10768,71,21.5,12,0,258,,
10769,41,9.65,30,0.05,289.5,,
10769,52,7,15,0.05,105,,
10769,61,28.5,20,0,570,,
10769,62,49.3,15,0,739.5,,
10770,11,21,15,0.25,315,,
10771,71,21.5,16,0,344,,
10772,29,123.79,18,0,2228.22,,
10772,59,55,25,0,1375,,
10773,17,39,33,0,1287,,
10773,31,12.5,70,0.2,875,,
10773,75,7.75,7,0.2,54.25,,
10774,31,12.5,2,0.25,25,,
10774,66,17,50,0,850,,
10775,10,31,6,0,186,,
10775,67,14,3,0,42,,
10776,31,12.5,16,0.05,200,,
10776,42,14,12,0.05,168,,
10776,45,9.5,27,0.05,256.5,,
10776,51,53,120,0.05,6360,,
10777,42,14,20,0.2,280,,
10778,41,9.65,10,0,96.5,,
10779,16,17.45,20,0,349,,
10779,62,49.3,20,0,986,,
10780,70,15,35,0,525,,
10780,77,13,15,0,195,,
10781,54,7.45,3,0.2,22.35,,
10781,56,38,20,0.2,760,,
10781,74,10,35,0,350,,
10782,31,12.5,1,0,12.5,,
10783,31,12.5,10,0,125,,
10783,38,263.5,5,0,1317.5,,
10784,36,19,30,0,570,,
10784,39,18,2,0.15,36,,
10784,72,34.8,30,0.15,1044,,
10785,10,31,10,0,310,,
10785,75,7.75,10,0,77.5,,
10786,8,40,30,0.2,1200,,
10786,30,25.89,15,0.2,388.35,,
10786,75,7.75,42,0.2,325.5,,
10787,2,19,15,0.05,285,,
10787,29,123.79,20,0.05,2475.8,,
10788,19,9.2,50,0.05,460,,
10788,75,7.75,40,0.05,310,,
10789,18,62.5,30,0,1875,,
10789,35,18,15,0,270,,
10789,63,43.9,30,0,1317,,
10789,68,12.5,18,0,225,,
10790,7,30,3,0.15,90,,
10790,56,38,20,0.15,760,,
10791,29,123.79,14,0.05,1733.06,,
10791,41,9.65,20,0.05,193,,
10792,2,19,10,0,190,,
10792,54,7.45,3,0,22.35,,
10792,68,12.5,15,0,187.5,,
10793,41,9.65,14,0,135.1,,
10793,52,7,8,0,56,,
10794,14,23.25,15,0.2,348.75,,
10794,54,7.45,6,0.2,44.7,,
10795,16,17.45,65,0,1134.25,,
10795,17,39,35,0.25,1365,,
10796,26,31.23,21,0.2,655.83,,
10796,44,19.45,10,0,194.5,,
10796,64,33.25,35,0.2,1163.75,,
10796,69,36,24,0.2,864,,
10797,11,21,20,0,420,,
10798,62,49.3,2,0,98.6,,
10798,72,34.8,10,0,348,,
10799,13,6,20,0.15,120,,
10799,24,4.5,20,0.15,90,,
10799,59,55,25,0,1375,,
10800,11,21,50,0.1,1050,,
10800,51,53,10,0.1,530,,
10800,54,7.45,7,0.1,52.15,,
10801,17,39,40,0.25,1560,,
10801,29,123.79,20,0.25,2475.8,,
10802,30,25.89,25,0.25,647.25,,
10802,51,53,30,0.25,1590,,
10802,55,24,60,0.25,1440,,
10802,62,49.3,5,0.25,246.5,,
10803,19,9.2,24,0.05,220.8,,
10803,25,14,15,0.05,210,,
10803,59,55,15,0.05,825,,
10804,10,31,36,0,1116,,
10804,28,45.6,24,0,1094.4,,
10804,49,20,4,0.15,80,,
10805,34,14,10,0,140,,
10805,38,263.5,10,0,2635,,
10806,2,19,20,0.25,380,,
10806,65,21.05,2,0,42.1,,
10806,74,10,15,0.25,150,,
10807,40,18.4,1,0,18.4,,
10808,56,38,20,0.15,760,,
10808,76,18,50,0.15,900,,
10809,52,7,20,0,140,,
10810,13,6,7,0,42,,
10810,25,14,5,0,70,,
10810,70,15,5,0,75,,
10811,19,9.2,15,0,138,,
10811,23,9,18,0,162,,
10811,40,18.4,30,0,552,,
10812,31,12.5,16,0.1,200,,
10812,72,34.8,40,0.1,1392,,
10812,77,13,20,0,260,,
10813,2,19,12,0.2,228,,
10813,46,12,35,0,420,,
10814,41,9.65,20,0,193,,
10814,43,46,20,0.15,920,,
10814,48,12.75,8,0.15,102,,
10814,61,28.5,30,0.15,855,,
10815,33,2.5,16,0,40,,
10816,38,263.5,30,0.05,7905,,
10816,62,49.3,20,0.05,986,,
10817,26,31.23,40,0.15,1249.2,,
10817,38,263.5,30,0,7905,,
10817,40,18.4,60,0.15,1104,,
10817,62,49.3,25,0.15,1232.5,,
10818,32,32,20,0,640,,
10818,41,9.65,20,0,193,,
10819,43,46,7,0,322,,
10819,75,7.75,20,0,155,,
10820,56,38,30,0,1140,,
10821,35,18,20,0,360,,
10821,51,53,6,0,318,,
10822,62,49.3,3,0,147.9,,
10822,70,15,6,0,90,,
10823,11,21,20,0.1,420,,
10823,57,19.5,15,0,292.5,,
10823,59,55,40,0.1,2200,,
10823,77,13,15,0.1,195,,
10824,41,9.65,12,0,115.8,,
10824,70,15,9,0,135,,
10825,26,31.23,12,0,374.76,,
10825,53,32.8,20,0,656,,
10826,31,12.5,35,0,437.5,,
10826,57,19.5,15,0,292.5,,
10827,10,31,15,0,465,,
10827,39,18,21,0,378,,
10828,20,81,5,0,405,,
10828,38,263.5,2,0,527,,
10829,2,19,10,0,190,,
10829,8,40,20,0,800,,
10829,13,6,10,0,60,,
10829,60,34,21,0,714,,
10830,6,25,6,0,150,,
10830,39,18,28,0,504,,
10830,60,34,30,0,1020,,
10830,68,12.5,24,0,300,,
10831,19,9.2,2,0,18.4,,
10831,35,18,8,0,144,,
10831,38,263.5,8,0,2108,,
10831,43,46,9,0,414,,
10832,13,6,3,0.2,18,,
10832,25,14,10,0.2,140,,
10832,44,19.45,16,0.2,311.2,,
10832,64,33.25,3,0,99.75,,
10833,7,30,20,0.1,600,,
10833,31,12.5,9,0.1,112.5,,
10833,53,32.8,9,0.1,295.2,,
10834,29,123.79,8,0.05,990.32,,
10834,30,25.89,20,0.05,517.8,,
10835,59,55,15,0,825,,
10835,77,13,2,0.2,26,,
10836,22,21,52,0,1092,,
10836,35,18,6,0,108,,
10836,57,19.5,24,0,468,,
10836,60,34,60,0,2040,,
10836,64,33.25,30,0,997.5,,
10837,13,6,6,0,36,,
10837,40,18.4,25,0,460,,
10837,47,9.5,40,0.25,380,,
10837,76,18,21,0.25,378,,
10838,1,18,4,0.25,72,,
10838,18,62.5,25,0.25,1562.5,,
10838,36,19,50,0.25,950,,
10839,58,13.25,30,0.1,397.5,,
10839,72,34.8,15,0.1,522,,
10840,25,14,6,0.2,84,,
10840,39,18,10,0.2,180,,
10841,10,31,16,0,496,,
10841,56,38,30,0,1140,,
10841,59,55,50,0,2750,,
10841,77,13,15,0,195,,
10842,11,21,15,0,315,,
10842,43,46,5,0,230,,
10842,68,12.5,20,0,250,,
10842,70,15,12,0,180,,
10843,51,53,4,0.25,212,,
10844,22,21,35,0,735,,
10845,23,9,70,0.1,630,,
10845,35,18,25,0.1,450,,
10845,42,14,42,0.1,588,,
10845,58,13.25,60,0.1,795,,
10845,64,33.25,48,0,1596,,
10846,4,22,21,0,462,,
10846,70,15,30,0,450,,
10846,74,10,20,0,200,,
10847,1,18,80,0.2,1440,,
10847,19,9.2,12,0.2,110.4,,
10847,37,26,60,0.2,1560,,
10847,45,9.5,36,0.2,342,,
10847,60,34,45,0.2,1530,,
10847,71,21.5,55,0.2,1182.5,,
10848,5,21.35,30,0,640.5,,
10848,9,97,3,0,291,,
10849,3,10,49,0,490,,
10849,26,31.23,18,0.15,562.14,,
10850,25,14,20,0.15,280,,
10850,33,2.5,4,0.15,10,,
10850,70,15,30,0.15,450,,
10851,2,19,5,0.05,95,,
10851,25,14,10,0.05,140,,
10851,57,19.5,10,0.05,195,,
10851,59,55,42,0.05,2310,,
10852,2,19,15,0,285,,
10852,17,39,6,0,234,,
10852,62,49.3,50,0,2465,,
10853,18,62.5,10,0,625,,
10854,10,31,100,0.15,3100,,
10854,13,6,65,0.15,390,,
10855,16,17.45,50,0,872.5,,
10855,31,12.5,14,0,175,,
10855,56,38,24,0,912,,
10855,65,21.05,15,0.15,315.75,,
10856,2,19,20,0,380,,
10856,42,14,20,0,280,,
10857,3,10,30,0,300,,
10857,26,31.23,35,0.25,1093.05,,
10857,29,123.79,10,0.25,1237.9,,
10858,7,30,5,0,150,,
10858,27,43.9,10,0,439,,
10858,70,15,4,0,60,,
10859,24,4.5,40,0.25,180,,
10859,54,7.45,35,0.25,260.75,,
10859,64,33.25,30,0.25,997.5,,
10860,51,53,3,0,159,,
10860,76,18,20,0,360,,
10861,17,39,42,0,1638,,
10861,18,62.5,20,0,1250,,
10861,21,10,40,0,400,,
10861,33,2.5,35,0,87.5,,
10861,62,49.3,3,0,147.9,,
10862,11,21,25,0,525,,
10862,52,7,8,0,56,,
10863,1,18,20,0.15,360,,
10863,58,13.25,12,0.15,159,,
10864,35,18,4,0,72,,
10864,67,14,15,0,210,,
10865,38,263.5,60,0.05,15810,,
10865,39,18,80,0.05,1440,,
10866,2,19,21,0.25,399,,
10866,24,4.5,6,0.25,27,,
10866,30,25.89,40,0.25,1035.6,,
10867,53,32.8,3,0,98.4,,
10868,26,31.23,20,0,624.6,,
10868,35,18,30,0,540,,
10868,49,20,42,0.1,840,,
10869,1,18,40,0,720,,
10869,11,21,10,0,210,,
10869,23,9,50,0,450,,
10869,68,12.5,20,0,250,,
10870,35,18,3,0,54,,
10870,51,53,2,0,106,,
10871,6,25,50,0.05,1250,,
10871,16,17.45,12,0.05,209.4,,
10871,17,39,16,0.05,624,,
10872,55,24,10,0.05,240,,
10872,62,49.3,20,0.05,986,,
10872,64,33.25,15,0.05,498.75,,
10872,65,21.05,21,0.05,442.05,,
10873,21,10,20,0,200,,
10873,28,45.6,3,0,136.8,,
10874,10,31,10,0,310,,
10875,19,9.2,25,0,230,,
10875,47,9.5,21,0.1,199.5,,
10875,49,20,15,0,300,,
10876,46,12,21,0,252,,
10876,64,33.25,20,0,665,,
10877,16,17.45,30,0.25,523.5,,
10877,18,62.5,25,0,1562.5,,
10878,20,81,20,0.05,1620,,
10879,40,18.4,12,0,220.8,,
10879,65,21.05,10,0,210.5,,
10879,76,18,10,0,180,,
10880,23,9,30,0.2,270,,
10880,61,28.5,30,0.2,855,,
10880,70,15,50,0.2,750,,
10881,73,15,10,0,150,,
10882,42,14,25,0,350,,
10882,49,20,20,0.15,400,,
10882,54,7.45,32,0.15,238.4,,
10883,24,4.5,8,0,36,,
10884,21,10,40,0.05,400,,
10884,56,38,21,0.05,798,,
10884,65,21.05,12,0.05,252.6,,
10885,2,19,20,0,380,,
10885,24,4.5,12,0,54,,
10885,70,15,30,0,450,,
10885,77,13,25,0,325,,
10886,10,31,70,0,2170,,
10886,31,12.5,35,0,437.5,,
10886,77,13,40,0,520,,
10887,25,14,5,0,70,,
10888,2,19,20,0,380,,
10888,68,12.5,18,0,225,,
10889,11,21,40,0,840,,
10889,38,263.5,40,0,10540,,
10890,17,39,15,0,585,,
10890,34,14,10,0,140,,
10890,41,9.65,14,0,135.1,,
10891,30,25.89,15,0.05,388.35,,
10892,59,55,40,0.05,2200,,
10893,8,40,30,0,1200,,
10893,24,4.5,10,0,45,,
10893,29,123.79,24,0,2970.96,,
10893,30,25.89,35,0,906.15,,
10893,36,19,20,0,380,,
10894,13,6,28,0.05,168,,
10894,69,36,50,0.05,1800,,
10894,75,7.75,120,0.05,930,,
10895,24,4.5,110,0,495,,
10895,39,18,45,0,810,,
10895,40,18.4,91,0,1674.4,,
10895,60,34,100,0,3400,,
10896,45,9.5,15,0,142.5,,
10896,56,38,16,0,608,,
10897,29,123.79,80,0,9903.2,,
10897,30,25.89,36,0,932.04,,
10898,13,6,5,0,30,,
10899,39,18,8,0.15,144,,
10900,70,15,3,0.25,45,,
10901,41,9.65,30,0,289.5,,
10901,71,21.5,30,0,645,,
10902,55,24,30,0.15,720,,
10902,62,49.3,6,0.15,295.8,,
10903,13,6,40,0,240,,
10903,65,21.05,21,0,442.05,,
10903,68,12.5,20,0,250,,
10904,58,13.25,15,0,198.75,,
10904,62,49.3,35,0,1725.5,,
10905,1,18,20,0.05,360,,
10906,61,28.5,15,0,427.5,,
10907,75,7.75,14,0,108.5,,
10908,7,30,20,0.05,600,,
10908,52,7,14,0.05,98,,
10909,7,30,12,0,360,,
10909,16,17.45,15,0,261.75,,
10909,41,9.65,5,0,48.25,,
10910,19,9.2,12,0,110.4,,
10910,49,20,10,0,200,,
10910,61,28.5,5,0,142.5,,
10911,1,18,10,0,180,,
10911,17,39,12,0,468,,
10911,67,14,15,0,210,,
10912,11,21,40,0.25,840,,
10912,29,123.79,60,0.25,7427.4,,
10913,4,22,30,0.25,660,,
10913,33,2.5,40,0.25,100,,
10913,58,13.25,15,0,198.75,,
10914,71,21.5,25,0,537.5,,
10915,17,39,10,0,390,,
10915,33,2.5,30,0,75,,
10915,54,7.45,10,0,74.5,,
10916,16,17.45,6,0,104.7,,
10916,32,32,6,0,192,,
10916,57,19.5,20,0,390,,
10917,30,25.89,1,0,25.89,,
10917,60,34,10,0,340,,
10918,1,18,60,0.25,1080,,
10918,60,34,25,0.25,850,,
10919,16,17.45,24,0,418.8,,
10919,25,14,24,0,336,,
10919,40,18.4,20,0,368,,
10920,50,16.25,24,0,390,,
10921,35,18,10,0,180,,
10921,63,43.9,40,0,1756,,
10922,17,39,15,0,585,,
10922,24,4.5,35,0,157.5,,
10923,42,14,10,0.2,140,,
10923,43,46,10,0.2,460,,
10923,67,14,24,0.2,336,,
10924,10,31,20,0.1,620,,
10924,28,45.6,30,0.1,1368,,
10924,75,7.75,6,0,46.5,,
10925,36,19,25,0.15,475,,
10925,52,7,12,0.15,84,,
10926,11,21,2,0,42,,
10926,13,6,10,0,60,,
10926,19,9.2,7,0,64.4,,
10926,72,34.8,10,0,348,,
10927,20,81,5,0,405,,
10927,52,7,5,0,35,,
10927,76,18,20,0,360,,
10928,47,9.5,5,0,47.5,,
10928,76,18,5,0,90,,
10929,21,10,60,0,600,,
10929,75,7.75,49,0,379.75,,
10929,77,13,15,0,195,,
10930,21,10,36,0,360,,
10930,27,43.9,25,0,1097.5,,
10930,55,24,25,0.2,600,,
10930,58,13.25,30,0.2,397.5,,
10931,13,6,42,0.15,252,,
10931,57,19.5,30,0,585,,
10932,16,17.45,30,0.1,523.5,,
10932,62,49.3,14,0.1,690.2,,
10932,72,34.8,16,0,556.8,,
10932,75,7.75,20,0.1,155,,
10933,53,32.8,2,0,65.6,,
10933,61,28.5,30,0,855,,
10934,6,25,20,0,500,,
10935,1,18,21,0,378,,
10935,18,62.5,4,0.25,250,,
10935,23,9,8,0.25,72,,
10936,36,19,30,0.2,570,,
10937,28,45.6,8,0,364.8,,
10937,34,14,20,0,280,,
10938,13,6,20,0.25,120,,
10938,43,46,24,0.25,1104,,
10938,60,34,49,0.25,1666,,
10938,71,21.5,35,0.25,752.5,,
10939,2,19,10,0.15,190,,
10939,67,14,40,0.15,560,,
10940,7,30,8,0,240,,
10940,13,6,20,0,120,,
10941,31,12.5,44,0.25,550,,
10941,62,49.3,30,0.25,1479,,
10941,68,12.5,80,0.25,1000,,
10941,72,34.8,50,0,1740,,
10942,49,20,28,0,560,,
10943,13,6,15,0,90,,
10943,22,21,21,0,441,,
10943,46,12,15,0,180,,
10944,11,21,5,0.25,105,,
10944,44,19.45,18,0.25,350.1,,
10944,56,38,18,0,684,,
10945,13,6,20,0,120,,
10945,31,12.5,10,0,125,,
10946,10,31,25,0,775,,
10946,24,4.5,25,0,112.5,,
10946,77,13,40,0,520,,
10947,59,55,4,0,220,,
10948,50,16.25,9,0,146.25,,
10948,51,53,40,0,2120,,
10948,55,24,4,0,96,,
10949,6,25,12,0,300,,
10949,10,31,30,0,930,,
10949,17,39,6,0,234,,
10949,62,49.3,60,0,2958,,
10950,4,22,5,0,110,,
10951,33,2.5,15,0.05,37.5,,
10951,41,9.65,6,0.05,57.9,,
10951,75,7.75,50,0.05,387.5,,
10952,6,25,16,0.05,400,,
10952,28,45.6,2,0,91.2,,
10953,20,81,50,0.05,4050,,
10953,31,12.5,50,0.05,625,,
10954,16,17.45,28,0.15,488.6,,
10954,31,12.5,25,0.15,312.5,,
10954,45,9.5,30,0,285,,
10954,60,34,24,0.15,816,,
10955,75,7.75,12,0.2,93,,
10956,21,10,12,0,120,,
10956,47,9.5,14,0,133,,
10956,51,53,8,0,424,,
10957,30,25.89,30,0,776.7,,
10957,35,18,40,0,720,,
10957,64,33.25,8,0,266,,
10958,5,21.35,20,0,427,,
10958,7,30,6,0,180,,
10958,72,34.8,5,0,174,,
10959,75,7.75,20,0.15,155,,
10960,24,4.5,10,0.25,45,,
10960,41,9.65,24,0,231.6,,
10961,52,7,6,0.05,42,,
10961,76,18,60,0,1080,,
10962,7,30,45,0,1350,,
10962,13,6,77,0,462,,
10962,53,32.8,20,0,656,,
10962,69,36,9,0,324,,
10962,76,18,44,0,792,,
10963,60,34,2,0.15,68,,
10964,18,62.5,6,0,375,,
10964,38,263.5,5,0,1317.5,,
10964,69,36,10,0,360,,
10965,51,53,16,0,848,,
10966,37,26,8,0,208,,
10966,56,38,12,0.15,456,,
10966,62,49.3,12,0.15,591.6,,
10967,19,9.2,12,0,110.4,,
10967,49,20,40,0,800,,
10968,12,38,30,0,1140,,
10968,24,4.5,30,0,135,,
10968,64,33.25,4,0,133,,
10969,46,12,9,0,108,,
10970,52,7,40,0.2,280,,
10971,29,123.79,14,0,1733.06,,
10972,17,39,6,0,234,,
10972,33,2.5,7,0,17.5,,
10973,26,31.23,5,0,156.15,,
10973,41,9.65,6,0,57.9,,
10973,75,7.75,10,0,77.5,,
10974,63,43.9,10,0,439,,
10975,8,40,16,0,640,,
10975,75,7.75,10,0,77.5,,
10976,28,45.6,20,0,912,,
10977,39,18,30,0,540,,
10977,47,9.5,30,0,285,,
10977,51,53,10,0,530,,
10977,63,43.9,20,0,878,,
10978,8,40,20,0.15,800,,
10978,21,10,40,0.15,400,,
10978,40,18.4,10,0,184,,
10978,44,19.45,6,0.15,116.7,,
10979,7,30,18,0,540,,
10979,12,38,20,0,760,,
10979,24,4.5,80,0,360,,
10979,27,43.9,30,0,1317,,
10979,31,12.5,24,0,300,,
10979,63,43.9,35,0,1536.5,,
10980,75,7.75,40,0.2,310,,
10981,38,263.5,60,0,15810,,
10982,7,30,20,0,600,,
10982,43,46,9,0,414,,
10983,13,6,84,0.15,504,,
10983,57,19.5,15,0,292.5,,
10984,16,17.45,55,0,959.75,,
10984,24,4.5,20,0,90,,
10984,36,19,40,0,760,,
10985,16,17.45,36,0.1,628.2,,
10985,18,62.5,8,0.1,500,,
10985,32,32,35,0.1,1120,,
10986,11,21,30,0,630,,
10986,20,81,15,0,1215,,
10986,76,18,10,0,180,,
10986,77,13,15,0,195,,
10987,7,30,60,0,1800,,
10987,43,46,6,0,276,,
10987,72,34.8,20,0,696,,
10988,7,30,60,0,1800,,
10988,62,49.3,40,0.1,1972,,
10989,6,25,40,0,1000,,
10989,11,21,15,0,315,,
10989,41,9.65,4,0,38.6,,
10990,21,10,65,0,650,,
10990,34,14,60,0.15,840,,
10990,55,24,65,0.15,1560,,
10990,61,28.5,66,0.15,1881,,
10991,2,19,50,0.2,950,,
10991,70,15,20,0.2,300,,
10991,76,18,90,0.2,1620,,
10992,72,34.8,2,0,69.6,,
10993,29,123.79,50,0.25,6189.5,,
10993,41,9.65,35,0.25,337.75,,
10994,59,55,18,0.05,990,,
10995,51,53,20,0,1060,,
10995,60,34,4,0,136,,
10996,42,14,40,0,560,,
10997,32,32,50,0,1600,,
10997,46,12,20,0.25,240,,
10997,52,7,20,0.25,140,,
10998,24,4.5,12,0,54,,
10998,61,28.5,7,0,199.5,,
10998,74,10,20,0,200,,
10998,75,7.75,30,0,232.5,,
10999,41,9.65,20,0.05,193,,
10999,51,53,15,0.05,795,,
10999,77,13,21,0.05,273,,
11000,4,22,25,0.25,550,,
11000,24,4.5,30,0.25,135,,
11000,77,13,30,0,390,,
11001,7,30,60,0,1800,,
11001,22,21,25,0,525,,
11001,46,12,25,0,300,,
11001,55,24,6,0,144,,
11002,13,6,56,0,336,,
11002,35,18,15,0.15,270,,
11002,42,14,24,0.15,336,,
11002,55,24,40,0,960,,
11003,1,18,4,0,72,,
11003,40,18.4,10,0,184,,
11003,52,7,10,0,70,,
11004,26,31.23,6,0,187.38,,
11004,76,18,6,0,108,,
11005,1,18,2,0,36,,
11005,59,55,10,0,550,,
11006,1,18,8,0,144,,
11006,29,123.79,2,0.25,247.58,,
11007,8,40,30,0,1200,,
11007,29,123.79,10,0,1237.9,,
11007,42,14,14,0,196,,
11008,28,45.6,70,0.05,3192,,
11008,34,14,90,0.05,1260,,
11008,71,21.5,21,0,451.5,,
11009,24,4.5,12,0,54,,
11009,36,19,18,0.25,342,,
11009,60,34,9,0,306,,
11010,7,30,20,0,600,,
11010,24,4.5,10,0,45,,
11011,58,13.25,40,0.05,530,,
11011,71,21.5,20,0,430,,
11012,19,9.2,50,0.05,460,,
11012,60,34,36,0.05,1224,,
11012,71,21.5,60,0.05,1290,,
11013,23,9,10,0,90,,
11013,42,14,4,0,56,,
11013,45,9.5,20,0,190,,
11013,68,12.5,2,0,25,,
11014,41,9.65,28,0.1,270.2,,
11015,30,25.89,15,0,388.35,,
11015,77,13,18,0,234,,
11016,31,12.5,15,0,187.5,,
11016,36,19,16,0,304,,
11017,3,10,25,0,250,,
11017,59,55,110,0,6050,,
11017,70,15,30,0,450,,
11018,12,38,20,0,760,,
11018,18,62.5,10,0,625,,
11018,56,38,5,0,190,,
11019,46,12,3,0,36,,
11019,49,20,2,0,40,,
11020,10,31,24,0.15,744,,
11021,2,19,11,0.25,209,,
11021,20,81,15,0,1215,,
11021,26,31.23,63,0,1967.49,,
11021,51,53,44,0.25,2332,,
11021,72,34.8,35,0,1218,,
11022,19,9.2,35,0,322,,
11022,69,36,30,0,1080,,
11023,7,30,4,0,120,,
11023,43,46,30,0,1380,,
11024,26,31.23,12,0,374.76,,
11024,33,2.5,30,0,75,,
11024,65,21.05,21,0,442.05,,
11024,71,21.5,50,0,1075,,
11025,1,18,10,0.1,180,,
11025,13,6,20,0.1,120,,
11026,18,62.5,8,0,500,,
11026,51,53,10,0,530,,
11027,24,4.5,30,0.25,135,,
11027,62,49.3,21,0.25,1035.3,,
11028,55,24,35,0,840,,
11028,59,55,24,0,1320,,
11029,56,38,20,0,760,,
11029,63,43.9,12,0,526.8,,
11030,2,19,100,0.25,1900,,
11030,5,21.35,70,0,1494.5,,
11030,29,123.79,60,0.25,7427.4,,
11030,59,55,100,0.25,5500,,
11031,1,18,45,0,810,,
11031,13,6,80,0,480,,
11031,24,4.5,21,0,94.5,,
11031,64,33.25,20,0,665,,
11031,71,21.5,16,0,344,,
11032,36,19,35,0,665,,
11032,38,263.5,25,0,6587.5,,
11032,59,55,30,0,1650,,
11033,53,32.8,70,0.1,2296,,
11033,69,36,36,0.1,1296,,
11034,21,10,15,0.1,150,,
11034,44,19.45,12,0,233.4,,
11034,61,28.5,6,0,171,,
11035,1,18,10,0,180,,
11035,35,18,60,0,1080,,
11035,42,14,30,0,420,,
11035,54,7.45,10,0,74.5,,
11036,13,6,7,0,42,,
11036,59,55,30,0,1650,,
11037,70,15,4,0,60,,
11038,40,18.4,5,0.2,92,,
11038,52,7,2,0,14,,
11038,71,21.5,30,0,645,,
11039,28,45.6,20,0,912,,
11039,35,18,24,0,432,,
11039,49,20,60,0,1200,,
11039,57,19.5,28,0,546,,
11040,21,10,20,0,200,,
11041,2,19,30,0.2,570,,
11041,63,43.9,30,0,1317,,
11042,44,19.45,15,0,291.75,,
11042,61,28.5,4,0,114,,
11043,11,21,10,0,210,,
11044,62,49.3,12,0,591.6,,
11045,33,2.5,15,0,37.5,,
11045,51,53,24,0,1272,,
11046,12,38,20,0.05,760,,
11046,32,32,15,0.05,480,,
11046,35,18,18,0.05,324,,
11047,1,18,25,0.25,450,,
11047,5,21.35,30,0.25,640.5,,
11048,68,12.5,42,0,525,,
11049,2,19,10,0.2,190,,
11049,12,38,4,0.2,152,,
11050,76,18,50,0.1,900,,
11051,24,4.5,10,0.2,45,,
11052,43,46,30,0.2,1380,,
11052,61,28.5,10,0.2,285,,
11053,18,62.5,35,0.2,2187.5,,
11053,32,32,20,0,640,,
11053,64,33.25,25,0.2,831.25,,
11054,33,2.5,10,0,25,,
11054,67,14,20,0,280,,
11055,24,4.5,15,0,67.5,,
11055,25,14,15,0,210,,
11055,51,53,20,0,1060,,
11055,57,19.5,20,0,390,,
11056,7,30,40,0,1200,,
11056,55,24,35,0,840,,
11056,60,34,50,0,1700,,
11057,70,15,3,0,45,,
11058,21,10,3,0,30,,
11058,60,34,21,0,714,,
11058,61,28.5,4,0,114,,
11059,13,6,30,0,180,,
11059,17,39,12,0,468,,
11059,60,34,35,0,1190,,
11060,60,34,4,0,136,,
11060,77,13,10,0,130,,
11061,60,34,15,0,510,,
11062,53,32.8,10,0.2,328,,
11062,70,15,12,0.2,180,,
11063,34,14,30,0,420,,
11063,40,18.4,40,0.1,736,,
11063,41,9.65,30,0.1,289.5,,
11064,17,39,77,0.1,3003,,
11064,41,9.65,12,0,115.8,,
11064,53,32.8,25,0.1,820,,
11064,55,24,4,0.1,96,,
11064,68,12.5,55,0,687.5,,
11065,30,25.89,4,0.25,103.56,,
11065,54,7.45,20,0.25,149,,
11066,16,17.45,3,0,52.35,,
11066,19,9.2,42,0,386.4,,
11066,34,14,35,0,490,,
11067,41,9.65,9,0,86.85,,
11068,28,45.6,8,0.15,364.8,,
11068,43,46,36,0.15,1656,,
11068,77,13,28,0.15,364,,
11069,39,18,20,0,360,,
11070,1,18,40,0.15,720,,
11070,2,19,20,0.15,380,,
11070,16,17.45,30,0.15,523.5,,
11070,31,12.5,20,0,250,,
11071,7,30,15,0.05,450,,
11071,13,6,10,0.05,60,,
11072,2,19,8,0,152,,
11072,41,9.65,40,0,386,,
11072,50,16.25,22,0,357.5,,
11072,64,33.25,130,0,4322.5,,
11073,11,21,10,0,210,,
11073,24,4.5,20,0,90,,
11074,16,17.45,14,0.05,244.3,,
11075,2,19,10,0.15,190,,
11075,46,12,30,0.15,360,,
11075,76,18,2,0.15,36,,
11076,6,25,20,0.25,500,,
11076,14,23.25,20,0.25,465,,
11076,19,9.2,10,0.25,92,,
11077,2,19,24,0.2,456,,
11077,3,10,4,0,40,,
11077,4,22,1,0,22,,
11077,6,25,1,0.02,25,,
11077,7,30,1,0.05,30,,
11077,8,40,2,0.1,80,,
11077,10,31,1,0,31,,
11077,12,38,2,0.05,76,,
11077,13,6,4,0,24,,
11077,14,23.25,1,0.03,23.25,,
11077,16,17.45,2,0.03,34.9,,
11077,20,81,1,0.04,81,,
11077,23,9,2,0,18,,
11077,32,32,1,0,32,,
11077,39,18,2,0.05,36,,
11077,41,9.65,3,0,28.95,,
11077,46,12,3,0.02,36,,
11077,52,7,2,0,14,,
11077,55,24,2,0,48,,
11077,60,34,2,0.06,68,,
11077,64,33.25,2,0.03,66.5,,
11077,66,17,1,0,17,,
11077,73,15,2,0.01,30,,
11077,75,7.75,4,0,31,,
11077,77,13,2,0,26,,
